commit_id,author,date,lines_added,lines_removed
f749896aa8a344d7f7b44b2510961e4eec99ba26,Andrii Ieroshenko,2025-08-11 18:11:11-07:00,72,27
c28a8f6c896c8778208aa6c8f1d569a677ca3886,Jonah Jung,2025-08-11 11:19:19-07:00,25,0
3e66664236042b6f9f58e9e55eef99f29fdc6842,srdas,2025-07-25 13:51:06+00:00,28,8
39352660e7040a5a6f7a1c016ab804ad4f658393,David L. Qiu,2025-07-21 15:34:43-07:00,80,80
497016d728951464748c3b4560c34b23c6381bf0,David L. Qiu,2025-07-21 15:06:44-07:00,195,409
10b83cbd5e1cc3f03fc1d400a4b0e5c060b86f14,Jordi Adoumie,2025-07-21 18:00:11-04:00,76,1
348fb9227fec13daa689ed3ddd46d7917604bc99,Phuc Hung Nguyen,2025-07-18 18:13:11-04:00,42,0
7e2fa6f1698d6d86eaccc716df9568f6985d393e,andrii-i,2025-07-10 22:04:37+00:00,27,8
170388630cf76bff291b76eeb9c7a8c55b2b7013,Sanjiv Das,2025-07-10 13:54:33-07:00,6,0
e91f214b10dc1c9fe3ab49d1d1c470f00e789f92,David L. Qiu,2025-07-10 09:58:49-07:00,622,286
ee9d341bc6b60cf4f4a7530d42c03e7e284ec319,Andrii Ieroshenko,2025-07-10 07:56:32-07:00,9,6
bc8ecfa3bd5c7a6b58837c2d77b2fc4f6c93b2ef,andrii-i,2025-07-07 15:31:56+00:00,24,8
030f0a47ace8529aaa24c36b167442685711e15e,Andrii Ieroshenko,2025-07-07 08:15:42-07:00,1,1
61c8eab257cf80d4dd575f2f8181c4b7d21fd423,David L. Qiu,2025-07-02 08:08:19-07:00,240,82
257c41f83cba518beedd41e2536cb0688875816a,Piyush Jain,2025-07-01 13:31:14-07:00,64,13
f75f8877c413e74dfe6b9161d3e626c524963592,dlqqq,2025-06-28 00:28:11+00:00,25,8
3256ea92314b6ce65798e75255b469d1987eb981,Brian E. Granger,2025-06-27 17:21:18-07:00,103,57
52de80297c65a175787a5d652c8db40d8a53fa1a,Brian E. Granger,2025-06-27 12:54:53-07:00,43,21
484fd20352499b5e35c7efd36408338f9cba421f,Fernando Pérez,2025-06-27 11:35:00-07:00,195,10
b597e5cc16c9104a86f27201226376fbab0b8d73,Andrii Ieroshenko,2025-06-26 11:15:59-07:00,1,1
e97b040515b1866f7834f5a1f4afcbc31a734c27,dlqqq,2025-06-26 16:46:38+00:00,29,8
aefde63ea105c24a5d4b08f76722ec300c8a3c60,David L. Qiu,2025-06-26 09:33:00-07:00,250,196
7bffb751c6d1acbaa6652cd78107d996d0fecf20,Brian E. Granger,2025-06-25 12:41:10-07:00,489,1
3ff5cf25149819616e28f0ac47994b4c119e9b8b,pre-commit-ci[bot],2025-06-25 11:01:17-07:00,4,4
6c55f6331bc73a28d6c456c604fa0777c812d6ec,Piyush Jain,2025-06-24 17:43:07-07:00,460,0
f66e4d0c9bc1450511a50beefe57780c15a1c0b6,Brian E. Granger,2025-06-24 14:34:45-07:00,404,1
02a823d338e94c5368363fd15643fa4913d9f902,haofan,2025-06-24 13:47:58-07:00,3,6
019bab636b54fc85fb831757bf562ec376130fce,David L. Qiu,2025-06-20 10:20:37-07:00,160,33
d7735323701be2db331eb0ebbcf5d3830fa199b6,dlqqq,2025-06-10 22:54:03+00:00,35,8
1f646261bdd2fad6d91e2d4d37a27c7cbf5df639,David L. Qiu,2025-06-10 15:35:28-07:00,1,1
56d88b75fd04b461efb43e5dfef9c6377f9f8461,David L. Qiu,2025-06-09 14:14:50-07:00,1,3056
e4ccf2fc11f8159dc32d4a9ab3ec287e0787ff6f,Sanjiv Das,2025-06-09 14:00:04-07:00,24,0
6b3d406ca4b5e47359cc983be7d4c3480f9427c1,Nicolas Brichet,2025-06-06 22:07:37+02:00,204,18
dd21873aeac32254da048a8e34f009bd84df3ed6,dlqqq,2025-06-04 21:32:12+00:00,107,8
eeeaecec66f1e8556f5064d61829f116724aee3c,Nicolas Brichet,2025-06-04 22:33:35+02:00,77,24
3236155473f2a1fcbd0b95db4e0e90f8ea02e439,Michał Krassowski,2025-06-03 16:04:39+01:00,1,1
6e680b101c63d7b66d969b097b2b6652e1b932bf,Michał Krassowski,2025-06-03 12:05:30+01:00,705,519
9e535fde92c0de3f2f1743c3de7923e255030c78,David L. Qiu,2025-06-02 15:05:01-07:00,634,645
4e1df34b2809c46eed98f47c0b59314e76fdaef9,Roman Inflianskas,2025-05-22 00:01:22+03:00,153,177
2f573fd5f3a73cf3e81a5d965a82977a0cb85894,David L. Qiu,2025-05-21 08:44:55-07:00,805,197
0a38783582ba0d275f01859280f1bb1a55d7872d,David L. Qiu,2025-05-20 15:55:08-07:00,197,805
1458af6a6c9d94e08e6854b4969941ca8923db32,David L. Qiu,2025-05-20 14:33:47-07:00,805,197
06338f131450e0191a8d9b3fc2e70062f3dbb031,Piyush Jain,2025-05-06 11:12:00-07:00,107,0
d6038afd9d5397df61191dc41493501e4875e233,Sanjiv Das,2025-04-23 16:39:18-07:00,4,0
0bcea310a503971a0195ab0133dfd2c99b56d8d6,Sanjiv Das,2025-04-17 11:03:50-07:00,6,0
b0e3cb9db54bd7567f502ddde3720023ab02039d,David L. Qiu,2025-04-15 13:04:33-07:00,34,8
acc3fb5a6906f5ac2c59079023c27549de0617f0,Sanjiv Das,2025-04-14 11:17:44-07:00,7,0
304d9f8611b6b7dea25eeb0a45ab94787ea48eef,Nicolas Brichet,2025-04-07 23:53:41+02:00,214,9
a82eecc220a032b9bfbef9beb3da900a8bfd4e59,Sanjiv Das,2025-04-03 09:06:06-07:00,16,0
c657762362c413776a21f88ce5b418c123603281,Sanjiv Das,2025-04-02 14:41:03-07:00,2,1
8167c7addc2af1f2376934ed1b504fd4437a95c0,David L. Qiu,2025-03-26 09:24:01-07:00,608,118
457e0936f1e1816188b6e4864fb4f2d766857bd6,David L. Qiu,2025-03-26 09:01:41-07:00,74,3
0e2c4e41ffdc4c35132840d97135664843c9fe2a,Sanjiv Das,2025-03-25 10:54:11-07:00,16,2
b4f436977db374a7cf2bc860d28aa5645471228f,Sanjiv Das,2025-03-24 14:07:50-07:00,12,6
8ce4fb5b46958825c52462ab648a93498e7d5b90,David L. Qiu,2025-03-20 14:27:15-07:00,132,22
d4dcef94b4bae79d581c4ff48d381ed3282a08bf,Sanjiv Das,2025-03-20 10:43:54-07:00,291,75
110311b8a3629652086216bc203400900889e0a6,David L. Qiu,2025-03-11 15:22:20-07:00,25,21
9e5eb87b41228823c0e93f09cf71db23a1d4dd25,Darshan Poudel,2025-03-11 04:46:03+05:45,79,37
45ab90f3e21629e4e0a61f9ab23b71a5215cd748,Darshan Poudel,2025-03-03 21:39:39+05:45,14,5
055d7b8534eaaaa9b036fec806162da1c571f089,Darshan Poudel,2025-02-26 23:25:38+05:45,34,16
7b4586ef2adc560b457731ae07be87e348a8769e,Jeremy Tuloup,2025-02-11 18:03:17+01:00,0,1
85f0cc79e514062819aff4cc2955191c19b47b1f,Fernando Pérez,2025-02-10 08:36:24-08:00,17,1
fbc4895e763330198f8ae14bf1ec4887d4e84bc2,Sanjiv Das,2025-02-06 14:13:49-08:00,48,0
94699a88c9f62d1b5f51ad9ef290799ebc1dabe6,Sanjiv Das,2025-02-04 13:49:30-08:00,72,5
c79f89de4438a1f649b98c9a80c3580814576bbc,Darshan Poudel,2025-02-05 01:03:07+05:45,37,10
b341e3ab9a0d2405534eef04559b18293d924d2d,David L. Qiu,2025-02-04 10:56:25-08:00,1,1
5b99b0fea04db63c01aa4670ab3ad223373cb9bf,Michał Krassowski,2025-02-04 17:48:21+00:00,424,273
4028aaa9333366c88a6fcb56e9d1350a7cacef90,pre-commit-ci[bot],2025-02-03 15:31:47-08:00,4,4
41547339a3c5e158fd2833f7d456579ef90f12f5,Sanjiv Das,2025-01-28 13:37:40-08:00,1,1
42fedb951841e1ef3d164649dbd599a79af261b6,M Bussonnier,2025-01-28 13:28:00-08:00,1,1
becc95ca63c0526bbb3b8e8d040c839ef2efe176,ANUJ KUMAR SINGH,2025-01-23 00:38:07+05:30,13,8
a0ab1b660a1a6d9ae0a0e8757c3adf2c1ed9ebbb,Sanjiv Das,2025-01-21 14:00:14-08:00,8,2
7c1c8c0ac2c78df260b965ad416c190c0108bd2c,David L. Qiu,2025-01-16 13:31:13-08:00,3,2
7cbc340c9c061bbca3e182614477f343ea4f7da0,David L. Qiu,2025-01-16 11:08:56-08:00,22,8
479a480fda040381903b114e22ec2499b43595cc,David L. Qiu,2025-01-15 14:12:25-08:00,145,249
c07c182110addab1a8b47f98090ef8004058ee59,Sanjiv Das,2025-01-09 10:44:48-08:00,43,0
5daa8b7bfb680a7ae2a30a5d5908c923c9a8e435,Nicolas Brichet,2025-01-07 19:46:47+01:00,0,8
61edff84d235b38cf6add37110068e9f1dd3a17a,Sanjiv Das,2025-01-06 14:24:51-08:00,2,0
3f1171244317649c4fec66270f386da8b58792d1,Maico Timmerman,2025-01-06 22:45:01+01:00,13,6
f44e62bb419f5c24006f7c26ed022909166880bc,David L. Qiu,2024-12-31 12:50:53-08:00,18,7
44cf827004b65bea742740d73303651bd862b927,dlqqq,2024-12-26 18:32:22+00:00,30,7
899af0a0403d68c8ff1e28acd79a050cf1eed27e,David L. Qiu,2024-12-26 09:54:32-08:00,1015,5428
624662aec925227569f0772f620c247210726c06,dlqqq,2024-12-24 22:34:06+00:00,38,7
dc66cfcdca15f78eae88ba8dd97636246265cdb6,Sanjiv Das,2024-12-19 16:43:03-08:00,30,0
2e80956a591f5df483daae6b5dcd7732603824ef,Divyansh Choudhary,2024-12-19 01:52:47+05:30,1,7
ad0ebee567e59fe25082f4e8f00c0bb7ab4f5c78,david qiu,2024-12-18 11:40:09-08:00,4,5
1cbd85308b8daf0ec54cefeb15761394bfd93de0,Sanjiv Das,2024-12-09 15:48:40-08:00,65,23
5ffe4815578b3f5c62406b33fc23724700740103,Sanjiv Das,2024-12-06 14:29:03-08:00,38,28
f7dabb340179c8cc5be2f87d465cd71d37c163ef,dlqqq,2024-12-05 23:48:18+00:00,33,7
37558cd9233c1971b8793138bd334bc648a69125,david qiu,2024-12-05 08:35:08-08:00,38,15
3a8016acde70186bd63e11daa0b2bc281f5bb5cf,Mr.W,2024-12-05 23:24:25+08:00,40,1
2c196d957a9eaaae6b93deb558cdc63a0c669678,david qiu,2024-12-05 06:59:42-08:00,10,2
342bb7bb3bfeede71a474c2aa15aceeea37ec356,david qiu,2024-12-02 15:41:18-08:00,120,20
922712c2f7136fba9b6e7c077bc8d19053230ec3,pre-commit-ci[bot],2024-12-02 15:23:56-08:00,1,1
009a1c03205c8c837967300469abfeaf2132cacf,Sanjiv Das,2024-12-02 11:51:03-08:00,2,7
f8dc7796cad54679feb8215b1982229d795e6002,ctcjab,2024-11-27 11:11:35-05:00,3,4
e607e34f4526e842a97fc7034233d27e65958521,dlqqq,2024-11-18 19:25:03+00:00,23,7
cbfed31bc3ee19c02a12c28a618af99ab10206be,david qiu,2024-11-18 09:56:21-08:00,2,2
adaa3b2636a4cfe383f7c7dc56d7772f403acbaa,Sanjiv Das,2024-11-14 16:33:51-08:00,50,0
c62abb88074eb84e26a5b3983b91dfcd089a0a5f,david qiu,2024-11-12 14:44:34-08:00,16,4
461bd06a19d47d93fa4e81c6b69e0e2500f0a863,dlqqq,2024-11-11 19:54:57+00:00,21,7
d5d604d64552ed89ba200d56da9d3044138feaf5,david qiu,2024-11-11 09:50:52-08:00,3,1
39decdd85d676ae78acbdb2d1e9734036cdd89a3,dlqqq,2024-11-07 00:30:47+00:00,52,7
6eb6a625712b8a77240ddfffe70050ed9ab83576,david qiu,2024-11-06 16:08:42-08:00,5,61
55ca34edf5904b4a267ea8d024052abe2e6cf485,Sanjiv Das,2024-11-06 09:59:43-08:00,14,33
71be3ce8449fa8d14f589cdd769f960dd693c893,Sanjiv Das,2024-11-05 17:21:10-08:00,128,40
49709dc48372ddf53e0c580ec7e76ad6e6de6c34,Sanjiv Das,2024-11-04 09:19:15-08:00,2,1
f8944b1fd32827e2ff125c5b8c5a133dee07f507,Mahmut CAVDAR,2024-11-01 22:23:26+00:00,2,2
da1f5f6dda053a9bbc00409307a419e8dd30b8b9,Alan Meeson,2024-11-01 22:11:43+00:00,12,10
e1d99cc52cdbb1b9e0888f01ee67ab768fab0fb9,david qiu,2024-10-31 13:32:43-07:00,73,4
167a47dad27b430c7be77e532d577967438f3d0c,Sanjiv Das,2024-10-31 11:52:33-07:00,1,4
bafccef936558caa1b43d7d648e65f740b2e8ae0,Alan Meeson,2024-10-31 01:10:50+00:00,55,0
ec341464a262068a78f6923e34a80e772f095892,Sanjiv Das,2024-10-29 17:31:40-07:00,1,0
d82d3c367f69c60c18d199989441b9eb6a31fd78,dlqqq,2024-10-29 19:15:37+00:00,26,7
b621aa476afc3af9e9b3dd398108b7ed9aaf7bf6,pre-commit-ci[bot],2024-10-29 19:01:25+00:00,1,1
dba7e4be5799caea1a675a8bdd3aee852734c7cc,Sanjiv Das,2024-10-28 16:32:14-07:00,20,21
cd6bd92b340cd5b3ba47b7c4948f336cd6600779,Sanjiv Das,2024-10-28 15:34:30-07:00,114,0
25a5bd0301b2ffbc82552c793839b89b155e1986,Sanjiv Das,2024-10-23 09:35:06-07:00,2,0
c2333d920aadb6886d373887e325bebe6324bed9,dlqqq,2024-10-21 23:01:49+00:00,42,7
838dfa9cdcbd8fc0373e3c056c677b016531a68c,david qiu,2024-10-21 15:46:28-07:00,1,0
ca3f2c92281fd8fb579ca2f2a740e5cdb188db0d,Jason Weill,2024-10-21 15:24:36-07:00,3,3
2545fd10590e7ee54b9e494257b3a1053ac0d7c7,david qiu,2024-10-21 14:33:36-07:00,157,123
9630742af21d51ddad6d66e5250415f778dac61b,michaelchia,2024-10-21 23:50:46+08:00,3,13
b3a5f8cdc1fd1bc2a2ce278fc4b17ecd81b8e261,david qiu,2024-10-18 10:14:00-07:00,81,102
6c59429bf32a54b762096e0040490dbac1637a5d,Joseph,2024-10-16 12:22:32-04:00,2,1
1eb3b55a0deb040a5ebd975eeb68cef3ff0c6f31,Michał Krassowski,2024-10-16 16:59:49+01:00,294,80
bf52423a81254009e9be6ca1b89a3f4c6e49ed49,Michał Krassowski,2024-10-16 16:43:14+01:00,6,1
6fdbecf93128c0db7a72fcaf75f9db5905f93159,Michał Krassowski,2024-10-16 16:34:34+01:00,1,1
21b0bdb05ad13fdc6394c8878e937d454ce64549,pre-commit-ci[bot],2024-10-15 10:44:30-07:00,4,4
41bccfe8599158a6603097c32906cf5685fe4016,Michał Krassowski,2024-10-15 16:57:59+01:00,34,7
7c3d3a9008141ae0f2edaddc7d04248c41a52aab,dlqqq,2024-10-07 23:52:28+00:00,25,7
097dbe48722e255173c6504e6de835c297c553ab,david qiu,2024-10-07 16:32:57-07:00,322,113
636d5e9a344e712ee226589fed65702ef8edd1bf,pre-commit-ci[bot],2024-10-07 22:03:46+00:00,1,1
70c7755491dbba8d863f52c4524f7bd482331456,david qiu,2024-10-07 14:19:02-07:00,4,0
b15ebb558f33f36cafae4b87013c1362e0afb5a6,Antti Kaihola,2024-10-08 00:10:01+03:00,155,4
1ec0936f53ebdcfbe075f1a4dcec1f989aaedc00,dlqqq,2024-10-04 22:21:15+00:00,25,7
f3692d94dfbb4837714888d0e69f6c7ca3ba547c,david qiu,2024-10-04 13:45:47-07:00,2,0
3a6b0f010e7b7cb4959d2632b224874a54aa91c4,Andrew Fulton,2024-10-03 14:39:31-06:00,12,2
278dededd8a93f324376b4e5cdff82a1f68a982f,dlqqq,2024-09-26 20:55:28+00:00,43,7
e6ec9e9ba4336168ce7874c09d07157be8bbff5a,Sanjiv Das,2024-09-26 13:15:54-07:00,36,40
0884211eb4cb0f7d8656a9afcee067dc1b842582,david qiu,2024-09-25 10:33:30-07:00,82,12
6e426abc880148c565633d6add055b731cce92d1,michaelchia,2024-09-26 01:16:33+08:00,942,87
fcb2d7111f35e363f76afd28aea581500aad89e9,Antti Kaihola,2024-09-17 02:22:58+03:00,62,0
bf44c2ab194c1def066f17863965e3ebd47d887d,Andrew Fulton,2024-09-16 14:41:43-06:00,111,16
7b4a708ad6e4cb0119102041bd86f98015bc4900,Michał Krassowski,2024-09-12 20:23:56+01:00,85,50
cdee73d7ec65e2ecd4bbb98aaaecf101b83ec1e0,david qiu,2024-09-12 10:29:33-07:00,6,6
db53228bc863eb439b5bdd749bc9e8bf6781245b,dlqqq,2024-09-11 18:47:15+00:00,28,7
83cbd8ea240f1429766c417bada3bfb39afc4462,Michał Krassowski,2024-09-10 21:37:13+01:00,59,3
43e6acce6f03c20d2fd889e229103e3b4dcb9003,Michał Krassowski,2024-09-09 22:05:13+01:00,23,0
ad6f3a3fbb6bc8621b34992c7c7378612c8a2324,Michał Krassowski,2024-09-09 21:20:28+01:00,2,1
5a1a60afc4b587d991e88d20fa8fe937d645fee5,michaelchia,2024-09-10 02:07:47+08:00,2,2
df67eb8c8a8e5e0169820e60a15013bfad4be904,michaelchia,2024-09-10 01:58:51+08:00,247,52
4b45ec23f3e16a0fa29718eefaf37064f59cafe6,dlqqq,2024-08-29 20:33:59+00:00,30,7
79158abf7044605c5776e205dd171fe87fb64142,david qiu,2024-08-29 13:18:34-07:00,205,7
29e2a479e928416e490c4d84b48fac3f421e112a,trducng,2024-08-27 22:24:11+07:00,3,0
41ccd10d4671ece6ac96c7899cfbbcaa12428e68,michaelchia,2024-08-27 23:15:33+08:00,126,17
a55db38c061522a2b6397516df1eeedf2e8b4dc5,pre-commit-ci[bot],2024-08-26 14:48:33-07:00,1,1
e45eff503baf967d0dde800b22f8b618669329d7,Michał Krassowski,2024-08-23 01:47:40+01:00,102,16
920a65634cd89d47f2a561e17b99c2a5233cfa39,pre-commit-ci[bot],2024-08-20 15:09:38-07:00,4,4
79bebd941539f6db01466e9c28bbfb790134f8a5,Sanjiv Das,2024-08-19 15:38:26-07:00,6,0
bed78bd9d560e04b11760a423bc11f1b8f1e1eb9,andrii-i,2024-08-19 17:06:21+00:00,37,7
83e368b9d04904f9eb0ad4b1f0759bf3b7bbc93d,david qiu,2024-08-16 20:33:21-04:00,174,122
be92fecdee75c0215a842c8aeae65778d525b308,Michał Krassowski,2024-08-15 22:47:35+01:00,2,2
271877bf30ae6ef48f42d4335680ea99cef672bf,gsrikant7,2024-08-14 23:37:47+05:30,25,1
512d64228a64782a98df4369eb6dd2c90ef8c385,david qiu,2024-08-12 16:53:28-04:00,94,9
2c9523f4c1b07faad3edc309de98613b0f74f107,michaelchia,2024-08-13 03:47:48+08:00,7,1
4351ad98ec3082fba500369b1d5b949712c1f6d0,Sanjiv Das,2024-08-09 17:51:05-07:00,91,5
7531f42fc911faf495cc0d8adcd3f9096dafd189,david qiu,2024-08-06 14:09:00-04:00,36,25
4d69962565eff4e0e78670f575e09c1ed967523e,Andrew Fulton,2024-08-05 12:41:55-06:00,185,169
8efe46bb70698105073c66f9666de55f11531f79,Sanjiv Das,2024-07-31 15:51:37-07:00,3,1
b9535688a324fc13143b15b4ba1aaa539977861f,david qiu,2024-07-31 18:34:57-04:00,44,17
73d72e934bc24117224543b144488621dea50c9f,Gabriel Koo,2024-08-01 05:23:36+08:00,7,0
b677c832ccd2f8520dc71dff1d9e5a2cf5aa04d7,dlqqq,2024-07-29 23:02:37+00:00,24,7
79d66daefa2dc2f8a47b55712d7b812ee23acda4,david qiu,2024-07-29 18:37:57-04:00,355,112
fb88723921c82157d9942632d0da7196766e46b9,david qiu,2024-07-29 18:25:47-04:00,26,1
19c7b6bc22fe68d091273820033e4935e088b8d6,david qiu,2024-07-25 18:51:39-04:00,193,177
28d5009c9dff258aa91a8226432d0550a70cfed5,Sanjiv Das,2024-07-24 13:17:44-07:00,3,0
8ae2491ed6da516dd270085a464510d518b6f60b,dlqqq,2024-07-22 16:50:43+00:00,34,7
cfcb3c6df4e795d877e6d0967a22ecfb880b3be3,Andrew Fulton,2024-07-22 10:31:45-06:00,65,2
69f1d5d5bc4edd4117ebd7140513f19108c7b400,Jeremy Tuloup,2024-07-22 18:13:12+02:00,3,0
c047e5c8a686c6cddd4b7967d45b04f05ce302ef,Michał Krassowski,2024-07-18 19:20:08+01:00,36,1
12d069e19f9296401e15ca4aa7117f5062f2b62e,Michał Krassowski,2024-07-17 18:37:43+01:00,5,2
83c0cf8af4dbd07bd8e0ee96132a8356734fdefa,michaelchia,2024-07-17 01:26:44+08:00,1,1
f0d525bc362d71dd88e699214d4864b40bf115a4,david qiu,2024-07-16 13:18:12-04:00,16,12
9f959492306e4e215d4817c73e4fbfec251c7d3d,pre-commit-ci[bot],2024-07-15 16:06:08-07:00,7,6
c11827674c731db36f770b5fedc4269d89d93659,dlqqq,2024-07-15 16:50:52+00:00,50,7
d6bc48b6cbf39180fd4e4c89320ca25b09635545,david qiu,2024-07-15 12:36:25-04:00,2,1
fb75ef0c12f4f8ba6c35c327905643e81f11f669,david qiu,2024-07-12 19:19:42-04:00,275,83
837789e4a100baf4a3cd0720b4f7c7c549d23ad2,Michał Krassowski,2024-07-12 18:59:19+01:00,0,29
8ca4854bcc42cf5a115dd85d95033d5c3b58c4a6,Michał Krassowski,2024-07-12 18:41:52+01:00,173,29
8b6c82d8dd24953ab289ccf05f25d0c5f5b63475,Jeremy Tuloup,2024-07-12 18:34:15+02:00,5,0
1786772cf8c6eacd2024892e52849f499485bda9,Jeremy Tuloup,2024-07-12 18:24:23+02:00,5,5
0a6080705ba1ba936c851c5c4e2419ae9a3abb2a,Michał Krassowski,2024-07-11 19:58:00+01:00,43,10
9f70ea7de675f136f544419e13249748ad64fb35,Jeremy Tuloup,2024-07-11 00:06:17+02:00,36,1
6b21c03dda194651739e6118afe75bbb72a3231d,Michał Krassowski,2024-07-10 16:46:06+01:00,26,3
bc082b56eef8c29a062b241d44e10e4302975ae8,Michał Krassowski,2024-07-09 17:51:41+01:00,85,11
0d86ee8a193065a46a51631322a68fab051cfb2e,Andrew Fulton,2024-07-09 10:09:46-06:00,27,21
2019571d916549262d04b3c02ec13e043935a7d4,Michał Krassowski,2024-07-08 22:53:06+01:00,62,4
ab38fe7ae483de397b8f0feaf3c251b1be2c20bf,Michał Krassowski,2024-07-08 22:35:42+01:00,40,16
4664a0baa2993efb2b0265d41f376dd5c902c6c8,Sanjiv Das,2024-07-08 12:04:17-07:00,4,2
fdb8456ccdf34d509051ce0cdaec36893c2bff58,Michał Krassowski,2024-07-08 18:50:25+01:00,5,1
43a0e8f827cc56f62d726f9a377d0ef0b53f71b7,Michał Krassowski,2024-07-08 17:08:14+01:00,5,6
9e1b4fd810b09fdeab3ab859bb841c526b7b8af0,Michał Krassowski,2024-07-08 16:51:13+01:00,0,37
27af2c76f09ec03b95248004454a9c32a893e146,Michał Krassowski,2024-07-08 16:41:52+01:00,2,2
5183bc9281d81a953b0f360e76b03dc15f3d8987,david qiu,2024-06-27 13:33:07-07:00,740,114
cee178b86f3d4bc1cef288be5f67267725a50592,Piyush Jain,2024-06-26 15:11:53-07:00,5,3
2d392b7923755f63fd5ef12e85229d85e171db02,michaelchia,2024-06-25 05:15:22+08:00,1,3
387e5b7ee895ef809bd11d873a6e39d7a3e73270,Sanjiv Das,2024-06-21 16:42:38-07:00,10,6
911bc9337bf7b2e66b59ce86619cee964a2e2147,dlqqq,2024-06-21 17:09:00+00:00,26,6
37dc8ecdffedf8763e9fabfdd2769520a7af3885,david qiu,2024-06-21 09:49:30-07:00,13,13
dae1daf24822e235e2901e5ae113ee93f1e41eef,david qiu,2024-06-21 08:55:48-07:00,47,49
f5eef8898c38738ca7bd4399f62bd043d6190f34,Sanjiv Das,2024-06-20 13:58:29-07:00,13,5
bc39447bb194ee7c6f587a708a29716083d1b16e,Sanjiv Das,2024-06-20 13:43:29-07:00,3,1
90a4c2df70279d99d52699518793075f88b0f993,dlqqq,2024-06-20 00:08:48+00:00,31,6
698ee8e5994da2b9af3cef90396cf9ed5fd65064,Jason Weill,2024-06-19 14:58:56-07:00,2,2
6ed17a7d66b32a01f166326f9a68799942d1a055,Michał Krassowski,2024-06-19 22:39:03+01:00,1,1
c0db930f51d05c177f44ad04771ce60dd76bfc3e,michaelchia,2024-06-20 01:29:50+08:00,52,3
02d196685514b809d565e14e0e2dca7784706226,michaelchia,2024-06-19 00:08:33+08:00,262,34
ff022fedea2b521ae407cc281ff5fbb71b2b3ca3,Jeremy Tuloup,2024-06-17 19:28:37+02:00,585,821
f875fef7c489fad58d5c2e977ce73f71e366d34d,Sanjiv Das,2024-06-14 13:33:19-07:00,9,2
a3b3ce06d7710b3289a86424bb878f8251d4b95c,dlqqq,2024-06-12 20:08:53+00:00,38,6
ff7bd1a7a538b36464487e8a856af5347a3dabcc,Sanjiv Das,2024-06-12 11:09:05-07:00,10,1
81e647d84bd3b0fdb737de91b830669ab6eb67b9,Michał Krassowski,2024-06-12 17:08:00+01:00,22,1
289d39da40e9e975bc2cc36ad52d2bfd3d21ede0,david qiu,2024-06-11 17:32:18-07:00,481,80
e214ee70ad9b33a999b64b9740ba739b61f6d243,Jeremy Tuloup,2024-06-11 21:37:22+02:00,39,3
ab3e9ebb366d2f5630e3763fec74d2d6e3b87bda,Jeremy Tuloup,2024-06-11 20:51:55+02:00,1,2
6f32acce2d9d98fca6647c77c806e19bba97b039,Michał Krassowski,2024-06-10 09:58:32+01:00,103,1
f138b0dfe8437f39800e4006f37d6b546e81d93f,Sanjiv Das,2024-06-05 15:32:45-07:00,110,9
ffffb15b55489f0c0b8b849de077c64ad769ad75,david qiu,2024-06-05 15:05:08-07:00,300,38
633df436dad3ecf661815aac1ab3c3752b3b1fb2,Jason Weill,2024-06-03 09:24:44-07:00,22,1
465d9913d8f6679dcf79c4f6d9111b18daac08b9,dlqqq,2024-05-20 22:53:06+00:00,26,6
e41cebf3ef137509d43ef6e54703c47c7e3d7a22,david qiu,2024-05-20 15:34:44-07:00,23,10
21814b2e680185dd5bc5209cbad708c298797316,Sanjiv Das,2024-05-20 14:47:14-07:00,3,0
94f3e1ba24c3b77d17308d978fc80783af3639b0,david qiu,2024-05-20 13:30:54-07:00,536,114
20875ad039f41feb9ed9f751096a71a3cc8b0245,Sanjiv Das,2024-05-16 14:08:53-07:00,67,64
e0eaeaafa03f428c121edb331c8cf70f6a2951fd,dlqqq,2024-05-09 21:56:00+00:00,34,6
3b3ac27eed2c481b4565659b0fc7470c36267fc7,Sanjiv Das,2024-05-08 16:21:47-07:00,17,16
368bcf1a156fe84475fddd0b123c268cd6e45b8f,Sanjiv Das,2024-05-08 13:49:03-07:00,2,1
759c60c0796c8a70b8278d17cc1e6e4fcd8c5fec,michaelchia,2024-05-04 04:00:17+08:00,1,1
cf2080062df7397c8dfc8ea499a4c41619622f14,Michał Krassowski,2024-05-03 19:32:17+01:00,476,191
3b4aa372c7f6714aaff64ef785b44da453ab5518,Sanjiv Das,2024-05-03 06:59:46-07:00,84,2
2acfd4db274a27da66f5e51316bafd1a941a8de7,Sanjiv Das,2024-04-29 14:54:13-07:00,9,0
bca145de6b6f0198d5dc4f16785b51f4f728a5e5,david qiu,2024-04-29 10:51:21-07:00,8,0
f9561953b22a4516a8805366acfa91cb36bc824b,Sanjiv Das,2024-04-29 10:22:20-07:00,1,1
9b7fb26fb7d56f5f636fcf69e321a7a25b2f5f92,dlqqq,2024-04-29 16:36:17+00:00,22,6
e6dab8ee414275cf8590d70ce65310596b5f1872,david qiu,2024-04-26 14:53:00-07:00,4,1
07efe626e73055e393cfa93e03ff3da65c0374f2,david qiu,2024-04-26 14:33:19-07:00,0,1
f0f1999af6a4705d94b664d32ad53fe9563b2999,michaelchia,2024-04-27 01:45:57+08:00,4,4
3e6b61d39309e8f7601c4f8474e3e868ba3bc5c5,dlqqq,2024-04-25 22:01:04+00:00,31,6
9c8046c742dcad2db57fff70bb10257f1c7123e6,Michał Krassowski,2024-04-23 21:23:49+01:00,390,280
0a6a0296e61e04936d8ef97d5fbdbc1a6d2575f4,Bart Leusink,2024-04-23 00:50:24+02:00,51,5
b4fab8204d2cbf53580172f74b390133b3df9b8d,Vincent Cloutier,2024-04-22 18:34:12-04:00,5,11
9c56452ca0ac11b73d75909e2b995ecd88e15eeb,david qiu,2024-04-22 15:01:07-07:00,16,10
e27293cf86fa37b2ea20de6b481ad989e209933a,Sanjiv Das,2024-04-16 14:56:15-07:00,13,12
10657eb0586765bacb3fc8f9ef72943ca36a55a2,Michał Krassowski,2024-04-12 17:38:11+01:00,1,1
da63dc6d8f3641b0a19c243e253c0eb3e54dfb0e,Piyush Jain,2024-04-12 09:24:23-07:00,11,1
c12b7fdf0611e2baa0aed66604ce6f57436cde44,Sanjiv Das,2024-04-09 13:43:43-07:00,39,16
3bfce328e3b6f730d05faa68ca9b6d6434b5fdec,dlqqq,2024-04-04 23:21:04+00:00,30,6
34051ba848ec0346ce77aa28fa9b3ce3ad4e776d,david qiu,2024-04-04 14:34:41-07:00,195,22
144cc9ba0180c11bce319345666da3b44dad13b7,david qiu,2024-03-28 08:21:52-07:00,26,40
35202d09f456ad92336855d5a300e0391e94ce71,david qiu,2024-03-27 09:06:01-07:00,63,62
4a6336103e6f1799dc0eced7d98a73501d0d6a3b,Steven,2024-03-27 08:54:19-07:00,115,118
4722dc73ae226f21108812a16fe2a5496aac9343,Ari Roffe,2024-03-26 16:30:50-05:00,1,1
d294c683661a8364f465bf9faf9a2a29aba65056,Sanjiv Das,2024-03-20 10:24:21-07:00,5,1
48149040874ae4c680e73665c5657b61ec008878,Apurva Khatri,2024-03-18 17:05:41-04:00,50,0
b18b7d077119fb9f7063b0fb04f8dd28d4bc91e4,dlqqq,2024-03-11 23:12:15+00:00,34,6
60e9161e55304e51e7fa1d08a227bde594d13115,Bruce Abbott,2024-03-08 14:16:39-05:00,6,2
1b5d1c92c80c34f3608ac07ad85df0f0f5779502,Sanjiv Das,2024-03-07 11:38:35-08:00,7,8
9526b220dc4c01e52cea408ee03b38eaacace4ef,david qiu,2024-03-07 10:57:09-08:00,2,2
884245134a66d9bc395f0513eafa14e7e741685c,Qiusheng Wu,2024-03-07 11:41:17-05:00,1,1
a0e1ce654ee0381e10b7df30c42b6f5778869c8f,Andrii Ieroshenko,2024-03-06 10:22:57-08:00,4,4
329ada355029bce3965c9a22602147cdf9f0a35b,Qiusheng Wu,2024-03-05 19:52:05-05:00,23,3
0ae649e61fbb8763377a65d244372c5d6dbba41f,Hongbo,2024-03-05 18:49:30-05:00,3,3
359eee20644c4e2edf6ba07941d10d116bbb10c4,Apurva Khatri,2024-03-05 17:37:42-05:00,19,0
e7c430984bb5c08c63e6d44a57667f7b922347dd,Mahdi Davari,2024-03-05 13:04:35-05:00,43,0
e3cd019e5703e981001fe240686953fb47e04b7d,dlqqq,2024-03-04 22:08:12+00:00,36,6
642ac533ef05e2bf7f4a6739b377c7138154bb69,Jeremy Tuloup,2024-02-17 05:41:17+01:00,1,1
d6eb94eb1a99d1a91b559f04cf4a487d88085ffd,Jeremy Tuloup,2024-02-15 22:46:15+01:00,1,1
6639c66cc93b3dd5951dde9181ae0abd09fdbde2,david qiu,2024-02-14 05:34:37-08:00,312,1576
40ff68c2f479bc5965703b6a4ae503772678f7c7,EduardDurech,2024-02-09 00:05:32+01:00,3,0
17326b552e7fac6c6e6443b29ab7c8e32fbb3395,Jason Weill,2024-02-08 11:05:37-08:00,20,8
a6868ffc245e098c165399e43bb8b248fa575abd,Andrii Ieroshenko,2024-02-07 15:48:52-08:00,2746,3775
1b1e5ca998f44d9da8a542645e1f20fcaa75c355,Jason Weill,2024-02-07 15:31:55-08:00,5,1
7b8e314fd60f9fa7fe7b06f4ae3ccbfdbf8b63a7,Demetris Roumis,2024-02-07 09:04:54-08:00,1,1
8ea0ff34335ab530d8c22a80602ce5668d5b85e6,dlqqq,2024-02-06 19:44:25+00:00,44,6
88e676581c5545d237dcd379c9cb3a74ddcbb8af,david qiu,2024-02-06 11:15:03-08:00,160,171
6aeb87fa0bdea843be2a07ec08d6e38b032c505d,david qiu,2024-02-06 10:55:53-08:00,35,28
bbc08cdd378462900efe2f0b060d34af4d26efc1,Jason Weill,2024-02-05 07:55:13-08:00,27,17
008cd415aec8e0cf544ce6b9ca933d9beb8f9823,Jason Weill,2024-02-01 15:25:40-08:00,85,66
0c1c646ab15bc28d8ce54adead3648ffd73bcd38,Alex Stephens,2024-02-01 09:38:23-08:00,30,2
fb777350e843bc1aa35e484b5356a51c3bef9df2,Tom Lynch,2024-01-31 15:08:27-08:00,1,1
e465583a4c06461bb3f379f487ddf1cea6d75674,Piyush Jain,2024-01-26 11:29:38-08:00,4,4
84c074a15a333a42623d75055792ca45a1ee105b,aws-khatria,2024-01-25 19:44:20-08:00,168,8
70431444e0d42bcf72f3c3ac9b714d8c8524ad8a,Jason Weill,2024-01-25 08:27:30-08:00,42,55
9907cc62b79738c4025c5949a576d8954613a67a,Michał Krassowski,2024-01-25 14:19:26+00:00,105,86
cde6d35dc7e522b25e5c9693fe657b71ea6603a5,SALES,2024-01-25 07:07:58+11:00,1,1
ca03e2c9a846344c379d50ccbe8323f7e0c7b1ed,Garson R Chow,2024-01-23 18:20:25-05:00,32,20
71227d9bb32ab91cdc5addfa3f01059567139797,Jason Weill,2024-01-23 11:08:25-08:00,511,241
b2e7c9549b249f9826bce2daad97501ac414317d,Jason Weill,2024-01-22 15:08:06-08:00,10,2
f4de0c8bf980f7f12a7fb182e431b06129cb4ea9,dlqqq,2024-01-22 19:28:39+00:00,20,6
b1186e9eefed5633461e19b61a5ccf4129b41a78,Michał Krassowski,2024-01-22 17:53:36+00:00,120,8
6de20475d3f58e83903899b7d1a26cc317449556,dlqqq,2024-01-19 23:20:57+00:00,20,6
d1a9f40d5fb4c937ae53d22172c8836b171ac6e6,Michał Krassowski,2024-01-19 22:59:00+00:00,2460,1373
f56496c2d4b926c1ffa9e5b6a6ccd3ac027e6c17,JasonWeill,2024-01-18 19:07:35+00:00,24,6
effc60920bca2a0d1d37beaff03d2bf18bb7d392,david qiu,2024-01-18 10:10:29-08:00,4,3
814eb44698a8e9a20737d671b41b5bc3f0594909,david qiu,2024-01-10 14:55:32-08:00,85,46
d97fbe1582b97c909a46568f8cb83ee0b48a96e9,JasonWeill,2024-01-08 21:56:44+00:00,21,6
a1c9da8ad37daada3033228a109118df4c6a07cf,Jason Weill,2024-01-04 17:02:44-08:00,30,183
30e4f8fd5439dbb5ca296bb04dcb91292bcc76de,david qiu,2024-01-04 13:36:41-08:00,28,4
4354134a9b04dfb0f0acc5c781fec134bcea115b,JasonWeill,2024-01-03 19:19:11+00:00,21,6
5cd4dbb8075a7dabf9df5e62df8b4d6a6c099918,Jason Weill,2024-01-03 10:13:24-08:00,16,12
550a03a96eccec004b27143f8899cf52bbf1f9bb,david qiu,2024-01-02 17:18:56-08:00,5,0
f9c8033d79c5e20fe7d00284f2d2ddb58db94406,dlqqq,2023-12-27 23:40:32+00:00,35,6
def73e99ee28050450792c519bd02a7f415ff6e9,Michał Krassowski,2023-12-27 22:22:50+00:00,4,3
9b173073b026d8297f11a8b8990ada12bc0bcf1a,david qiu,2023-12-27 13:48:24-08:00,64,19
5d6b65f88527dab7a4ebb382b85c227f9115e658,James Jun,2023-12-26 12:31:16-08:00,2,0
46214cfb12e7e89fd40525ccfef739c3e7a65ec8,Jason Weill,2023-12-21 08:57:35-08:00,125,41
32bb26488487169bc071e151cff744661af9cda3,Michał Krassowski,2023-12-20 22:21:54+00:00,31,1
2c4ad430e3a8cc8ccff9c45530c9e9c4a4cd6d2f,Jason Weill,2023-12-20 12:52:14-08:00,1,1
c11f835be9f2966032c67c8915a9d432edaf6d1e,JasonWeill,2023-12-20 20:28:10+00:00,40,6
0a37a2396cd820580dc1ce6d10ab90243c5762bb,Andrii Ieroshenko,2023-12-20 10:47:19-08:00,45,45
1691439d9cea5747391bdb24dd6ed7f27654cbba,Andrii Ieroshenko,2023-12-20 09:59:41-08:00,70,0
79e345a57db9aa170727a254410783cc422a6654,david qiu,2023-12-19 11:02:16-08:00,47,4
4abacfbeb5c72e365ec20351f8579d92dbf83437,Michał Krassowski,2023-12-19 01:14:34+00:00,34,18
54daef863f6a341c2fd886af3609c1f80481c834,Jason Weill,2023-12-18 12:13:50-08:00,2,2
aca80b7b5c813b56f2d05f591151b65786fbb88a,Andrii Ieroshenko,2023-12-18 11:00:50-08:00,32,0
976f8b9303d198fb339f7b594d29e4cd879618a4,Michał Krassowski,2023-12-15 19:05:45+00:00,35,6
85a8691636f0fe1301bf0d9f81e7d1b1456d5876,Jason Weill,2023-12-12 15:36:25-08:00,2,0
9082588b1d035e1f75a83abe7d9bdc9d4a86ed13,JasonWeill,2023-12-11 22:44:15+00:00,36,6
b71e0ec1c7f7c4873b0135cd5662260978988a6d,Jason Weill,2023-12-08 12:13:23-08:00,6,2
64e6daf42b34f6906749de4ec3bafeca42b77210,Jason Weill,2023-12-07 09:59:12-08:00,201,44
102a85a03b7730cd173972d93920b8dfa45baad9,Andrii Ieroshenko,2023-12-05 10:56:34-08:00,0,14
9c69a7b851d46a66bb9664b4b906bdd7e55e984e,Andrii Ieroshenko,2023-12-04 11:03:18-08:00,122,108
6ba2c28a1b494e1f11ce070b9b0329e58b678df4,Michał Krassowski,2023-11-25 14:17:02+00:00,14,689
9382352c1e5c61f2e90f8dcbe7692e3d6192381b,Adithya Hegde Kota,2023-11-21 23:25:38+05:30,9,4
d6d34a59bd7289e30fdb024f1c4cb03f0bed6535,Piyush Jain,2023-11-16 19:05:36-08:00,4,5
69d5712883a0c7413d590829c26547dc492575df,Andrii Ieroshenko,2023-11-16 17:04:17-08:00,14,0
81c4a1ed8aa3c2a526e2ba8eed911b208fae3a80,JasonWeill,2023-11-16 23:49:35+00:00,35,6
2c89d139a8205f1fcd318cfd922e1771df7564ef,Jason Weill,2023-11-15 15:36:38-08:00,47,20
51a1e5a064623c55060721fcff5b7ead39a88296,Andrew Chang,2023-11-14 17:23:13+02:00,10,6
a710af811768749984f103cbd6bd1fcf111dec9d,Andrii Ieroshenko,2023-11-13 12:40:22-08:00,50,1
a39480a924fe41dc86c2edc441ba916107cbb214,Jason Weill,2023-11-13 08:50:57-08:00,12,10
531aced2512377376aa4f45a896cc289bf2fca7f,Andrii Ieroshenko,2023-11-09 14:31:11-08:00,6,0
56b189c1fe0471965be975b77526af5b3f7ea098,Piyush Jain,2023-11-09 13:41:32-08:00,56,6
3de39c2a26b5544f7ed8ddfe206c6809f844ed46,Piyush Jain,2023-11-09 13:05:57-08:00,29,20
61b97915b2435ba56fdabf89b74af9a1b47db379,dlqqq,2023-11-08 19:00:35+00:00,35,6
1fecfea6556501212ac9b7309edb7f0c98c69618,Piyush Jain,2023-11-08 10:42:22-08:00,208,25
9f694699b89469c2237ae22f0f38e656a524ea57,david qiu,2023-11-08 09:29:09-08:00,253,50
831c42bd90e2cb0aa8686ef7d0c7b1a43c99e426,david qiu,2023-11-06 14:01:15-08:00,67,26
e586620c5372df4f07fc7b09325588ba957697c0,Ariel Rokem,2023-11-06 09:39:06-08:00,1,1
ec75ba827945c48b6e707c6cc4835eb5c561b616,Jason Weill,2023-11-03 17:08:33-07:00,29,10
2bc0c2ba2fcdd244d32583a32c85325bc3e1b026,Jason Weill,2023-11-02 09:02:14-07:00,2,2
7e4a2a5115ea691afb68522ec267d879e8b3fc95,Michał Krassowski,2023-10-30 23:40:59+00:00,98,6
b06e25914dbb91e2679c9e1335c056f473f3b248,3coins,2023-10-24 20:10:19+00:00,28,6
92dab10608ea090b6bd87ca5ffe9ccff7a15b449,Michał Krassowski,2023-10-23 20:42:11+01:00,178,6
7c09863b3199d167fe18575194ee81991285d841,Piyush Jain,2023-10-20 21:48:23-07:00,19,9
0d247fdf177b6f3ad48b88bb9ceb886e3c07a8a2,Piyush Jain,2023-10-20 21:04:10-07:00,2,2
608ed25a38613d8c64d34c68379464851669cebb,Piyush Jain,2023-10-11 21:48:07-07:00,83,63
d9b26f5729bd12e49711b4b1ed7314c064ef3687,Piyush Jain,2023-10-02 20:49:58-07:00,17,8
940b6ef4c09ea7bc15cb20e2a312cc883cfddf3c,pre-commit-ci[bot],2023-10-09 14:50:03-07:00,4,4
9a14c67bb714cf146b0c7fe526036db67455c798,dlqqq,2023-10-09 16:38:10+00:00,48,6
fbb63ea67f90f220d20374346a1155f4686b71e4,Piyush Jain,2023-10-05 16:09:24-07:00,2,0
7f854007263f1a9393e41611028d7cc57313c577,Piyush Jain,2023-10-05 07:20:26-07:00,0,1
5f62aee6a24584e17a334266374e1a7cef5b5e0c,Piyush Jain,2023-10-04 23:07:08-07:00,1,1
971c2e507bc7fd635f97ad7ecabe3a7c9ed310ca,Piyush Jain,2023-10-04 22:52:45-07:00,51,55
02fe106797082bbd5ec0636710c41e48de1024cb,Piyush Jain,2023-10-02 19:39:52-07:00,1,0
a7db922df19797199ecc3cf8084fe029811e7c24,Piyush Jain,2023-09-25 13:28:48-07:00,117,27
a30fe59e9928a7daa0ecf729cf722e62bd45dc1b,Piyush Jain,2023-09-25 13:28:48-07:00,49,4
8f3bfe075e2ca468f6ccd478c7255c52b7e3dbf9,Andrii Ieroshenko,2023-09-12 22:45:41-07:00,4649,91
640f36c45c3d4a586e5c1c8e6f68e610ca02bf87,Jason Weill,2023-09-07 15:26:31-07:00,114,26
fc711c7cc79388a867b6e9b8c983e7affe8ad8e4,david qiu,2023-09-07 13:14:49-07:00,2270,2446
94b8ef7cfe4508f32d595e617cd0249288b2b2c6,Jason Weill,2023-09-05 17:06:11-07:00,2,0
cfe8fd1481f641b2225e55edabeee52bb635c302,dlqqq,2023-09-05 19:48:11+00:00,36,6
56c1f518afd09d0d09a43221f0767aa961e9430f,Piyush Jain,2023-09-01 12:31:13-07:00,7,7
7833fea4a713f7e2ada2f435af80ddb2c5aa4845,Piyush Jain,2023-08-30 21:06:09-07:00,25,14
1556a029b0214807d989e99d192c9e9adb30f596,Piyush Jain,2023-08-31 21:18:19-07:00,20,18
93eb896c366853ed2258e0d08a2600ea6fff2833,Min RK,2023-08-30 06:48:48+02:00,7,7
47ae1c9a0499730a48fe5f6c22d22dd279b47aac,Piyush Jain,2023-08-29 15:10:15-07:00,1,0
245c1cdd69ad0813d1deab57e64a6dd5e9595614,Andrii Ieroshenko,2023-08-29 13:56:05-07:00,0,20
04324c136c968785123721e74c489e7439882c38,michaelchia,2023-08-29 11:04:40+08:00,1,1
79b5503be64a2c374a37c6cb46c5c5d3d9a3ee96,Jason Weill,2023-08-24 16:09:22-07:00,26,11
3e1d1912a34de13791e0feb6ee375beb0d86e29f,JasonWeill,2023-08-15 23:40:57+00:00,28,6
c689c6c0cce5212238943ec2ff1559f6ad2f63d5,david qiu,2023-08-14 10:28:02-07:00,64,9
3a2a467b7dc46afa0395d1303730ebbceb5e8f03,Bjørn Jørgensen,2023-08-14 18:18:34+02:00,14,4
f0e60f8b0a3fb6b2ff4c86204755ab8aee4dbca9,Piyush Jain,2023-08-12 13:48:36-07:00,2,4
a0b949ef311624340583d6da777c1ab1d7f92bc6,Bjørn Jørgensen,2023-08-11 21:12:44+02:00,21,0
ca4581784b31dd5d3621f3bfca711b1620b5bc54,Michał Krassowski,2023-08-11 00:12:00+01:00,100,5
ac3f4be6c017fd7e152e35ad07e6cd78e6baafc5,JasonWeill,2023-08-08 22:54:54+00:00,37,6
f38d7f4a5b38ae1583c97bc8a0bb58ab09cdabdd,Ikko Eltociear Ashimine,2023-08-07 00:49:40+09:00,1,1
1689e7f2de12a56617035901b995543ad7fa0347,david qiu,2023-08-04 09:18:44-07:00,13,2
2ba76a19faeea42d591ae3d91b0c6bdf98a79fbb,pre-commit-ci[bot],2023-08-03 15:54:33-07:00,2,2
51fd0d91efd8338838ac2cc730944270925c7104,Jason Weill,2023-08-03 14:57:49-07:00,84,31
f744b9aa11b63b45e60b8a047425cd5bcfe1bfb1,Jonas M. Kübler,2023-08-03 19:30:32+02:00,2,0
bbe244abf088f63322b25e9ca82aca48cfd4ed8c,Jason Weill,2023-08-01 09:40:09-07:00,2,1
07cfd7c6ed8d5d29d5d441af13ba5532deac423f,Jason Weill,2023-07-27 14:52:06-07:00,13,0
3271914b97682c73430ca96fddc78fb6003d624a,dlqqq,2023-07-27 17:09:30+00:00,26,6
4ad7fa695b89abc0df4d510f20e9036b6907fd51,david qiu,2023-07-27 09:49:23-07:00,18377,12735
ff350ab7d2790ce93c60d532e4cbd4ba13973faa,dlqqq,2023-07-27 16:38:39+00:00,22,6
0afca1c387e19a9da1f31080a69d8a16e71a310b,Jason Weill,2023-07-21 17:04:04-07:00,49,4
b0dd34f06de80575516805143dbc88350425a0e5,dlqqq,2023-07-21 17:30:44+00:00,20,6
4049084fc1c62bc00bdd2eeddd1b4630094a5a57,david qiu,2023-07-21 10:06:58-07:00,1,1
e2142fe1e4968f2dfb8246a1db25bc5fda7ccb91,dlqqq,2023-07-18 20:58:55+00:00,35,6
70725c0ff9b5eb313294bdab6e3ff183a6aad88b,pre-commit-ci[bot],2023-07-18 12:46:38-07:00,1,1
3275f304190b6f817bc90e23f4a99e6345eca4c1,Piyush Jain,2023-07-18 12:39:04-07:00,52,24
39fe0235b8573d51ff8dd83a45c4fb0dfde0e904,Jason Weill,2023-07-17 13:00:12-07:00,49,19
ef2f34127db7f8d343746536295298715bc5ceed,Jason Weill,2023-07-13 16:04:30-07:00,5,1
0f619061430be6320bf9b87c63a1b939597998f9,Piyush Jain,2023-07-12 20:35:17-07:00,30,1
e19c4ea922d16126dc3ee62a8c2c273744cd4359,pre-commit-ci[bot],2023-07-11 21:39:14-07:00,2,2
a24338f15d8c7a5dce16e53c3d22b40598c4022f,Jason Weill,2023-07-10 15:36:05-07:00,83,39
d3246738d8d250d8bcf70106899312649e237095,david qiu,2023-07-10 15:07:55-07:00,2280,2984
96465d1df60a9b3be592220489f78fa59e430fd0,JasonWeill,2023-07-05 22:44:48+00:00,30,6
b62c8160f8e078fe8f7145be4d12c7982d9eafdb,Jason Weill,2023-07-05 15:28:29-07:00,5,0
f4389f6d1f630f6205dd9886d01f20eaa30de6ae,Piyush Jain,2023-07-05 11:18:20-07:00,12,4
f84e01868b9e53d95ad84ebb460579f26b98ec64,pre-commit-ci[bot],2023-07-04 13:23:02-07:00,1,1
299d206485096bc633a1efec16e9dfdb2b73d20a,Jason Weill,2023-06-30 09:39:02-07:00,3,0
0d5369d2b06ca3196bd6427b47598e43ebf51306,pre-commit-ci[bot],2023-06-29 20:55:02-07:00,2,2
42c6d4326ab28c525bc851126d32f360950072ce,Piyush Jain,2023-06-26 17:43:53-07:00,15,1
785b9008721cea679dc90e26e3552da81a35a8ad,david qiu,2023-06-23 13:56:29-07:00,1140,863
1bc264ef6507574a8b22e8b5b62aebaf63f725c3,Jason Weill,2023-06-22 11:09:26-07:00,0,300
4470155419fb931e378654a8e960a532abc6f197,Jason Weill,2023-06-21 16:31:18-07:00,175,134
f32c69904ba8c0ee5f70e9fb90ce4bed1123ddec,Jason Weill,2023-06-21 14:00:38-07:00,8,19
68fdff1d20bb63d522a33502ba21050e0442998b,JasonWeill,2023-06-16 17:54:16+00:00,41,6
4169ebf0274b177573dce43197d2c2e5169fc71b,Piyush Jain,2023-06-16 10:32:10-07:00,4,2
f69f59a0d91af2a1875c527cb50442426ec1e9b4,Piyush Jain,2023-06-15 20:12:18-07:00,9,5
5e3cec504115249b8f69b421a3d9410bce0d501b,Jason Weill,2023-06-15 13:26:04-07:00,1,1
97c413e4cb588330437d2360ee639465fb857940,Jason Weill,2023-06-09 14:00:27-07:00,13,21
83c45eb1c9604f52e85c172aadec1c12b49d30e6,Jason Weill,2023-06-08 16:57:37-07:00,200,7
3e0238c8b404a81b1c833f3673f5c007736d7077,Piyush Jain,2023-06-08 16:41:43-07:00,41,27
5be0a21bbcc6795ffbc0b6bc4f47cdf204864394,Jason Weill,2023-06-06 16:25:41-07:00,1016,136
0b3a60cb4ac61ff45b09831d2a1d838ad2e690c4,Jason Weill,2023-06-05 16:29:01-07:00,1,1
b1421278d8e2e3bd22ea60a66782f0f7a820e71e,Jason Weill,2023-06-05 16:26:53-07:00,366,83
7963080f7477357f1c4b4a925836e100a88b9569,Piyush Jain,2023-06-05 07:57:44-07:00,2,1
dd123857cd8875b2b9b31c4179c98c1d7565c4dd,david qiu,2023-06-01 20:38:43-07:00,398,32
d0ecc475ff29cdb311fd70c5d986c8474848a7da,david qiu,2023-05-30 15:48:43-07:00,146,79
0afe7b69c7f87cea9e8585728003446e6daa317e,david qiu,2023-05-26 14:50:52-07:00,54,6
db13144a50851946ce280daf8867f5ce3cf4b0eb,dlqqq,2023-05-26 19:51:29+00:00,30,6
241f58adf8d52d68c8c57fed6a04cbcd558f17bc,Piyush Jain,2023-05-26 12:39:23-07:00,16,9
56e7a441ee65d1734378bc7d0cbe4f012725160c,Jason Weill,2023-05-22 16:01:36-07:00,2,2
0b233838d2850d80e45c53a9d89d67fc41ba01f6,Jason Weill,2023-05-22 15:00:08-07:00,6,9
31dfbfd7cfd17f3748a3349c6b8221be8e83b42f,Mark Schroering,2023-05-22 11:38:56-04:00,2,2
7ebf55089a632703a32846a698b19fdbf2e8c4c4,dlqqq,2023-05-19 22:54:36+00:00,33,6
3b6b1a083a045b4587c84314fa1851092fdad675,Jason Weill,2023-05-18 15:52:12-07:00,16,21
1555afdb62cc488a783cb30b9af2092386628abc,Jason Weill,2023-05-17 09:01:48-07:00,61,13
6d8ec5b2f5d3d00f12d28cada2aeb3441e1f4786,Jason Weill,2023-05-17 08:58:35-07:00,4,3
e82c672b186404e462d21f72cf7eedf81bfa0a37,david qiu,2023-05-17 08:24:21-07:00,1321,1632
b973da0d874918cba8821db898bbac9e16357c7b,Jason Weill,2023-05-17 06:29:47-07:00,9,2
3ac01d7c99d7348a552218b658584ed0b208712d,Jason Weill,2023-05-14 02:38:48-07:00,4,26
088e48027c8df502561fde668f4450dcd46e06f0,Jason Weill,2023-05-11 23:36:22-07:00,1,4
e647a35195c25a26e30439246b75fb4e911254c9,dlqqq,2023-05-11 12:20:56+00:00,28,6
7f9581c3ed735032f6e22cdde047fd6cabb43755,Jason Weill,2023-05-11 04:52:48-07:00,7,0
0bc5e691e38679887f6ee0361ac53561adbac9dc,Piyush Jain,2023-05-11 13:42:22+02:00,1,1
8c9b4cc2aac2322538d5909ae47207fbda567eb9,dlqqq,2023-05-11 04:44:35+00:00,56,6
76039cffc6c6031f61726c8bc090e0384b82548e,Jason Weill,2023-05-09 08:00:47-07:00,1,1
f3de7f2057bdde92e41cf19d8d6dea1c41b7c360,Jason Weill,2023-05-06 13:55:02-07:00,50,24
76278de41c527c696d2e42ec2900a0e10ff49744,david qiu,2023-05-06 10:43:39-07:00,15,4
5ec8cab5e6b87a86316a271a526521d87bdbf279,david qiu,2023-05-05 10:05:33-07:00,45,20
e672c8f63d9683b429bad5f8d9d2d7c6ac69fbaf,thorhojhus,2023-05-05 17:12:13+02:00,3,3
b79d98e33c271083cfda707fa09967edee2932e5,david qiu,2023-05-05 07:46:23-07:00,1323,184
1f4f0dee2a52029a9698638abebec7f23a48c755,Piyush Jain,2023-05-02 15:56:42-07:00,12,4
6f3f1927fbdd941dd89b33b7ddab3dec7ff77266,Piyush Jain,2023-05-01 18:32:38-07:00,2,2
2af7b3dd5fea9821bf4588a9832cb61e16df67b4,Jason Weill,2023-05-01 11:48:14-07:00,49,14
ad75ff8e063b85a3a5b4b2e91488e0b2059d12fd,Jason Weill,2023-05-01 10:11:07-07:00,3,1
8de458d43e5d5c3e440720f65f49fbafae3cbfaf,Jason Weill,2023-05-01 09:53:56-07:00,4,3
cea46d40584f66dd79841af869560a6135cec891,Jason Weill,2023-05-01 09:42:00-07:00,264,6
723dee7bfd0c78521e5a072e3d7f4309ac460a17,Piyush Jain,2023-04-28 14:42:19-07:00,1,1
2cf3ffe65d932dd9e8dec9efb99fefd0ea13558e,Piyush Jain,2023-04-28 14:42:10-07:00,1,1
76d376a777009eae8faff8924fbe779bed36c46c,Piyush Jain,2023-04-28 14:42:00-07:00,1,1
19502587fb844c08c18ab1b57fb9f7bd92492d54,Piyush Jain,2023-04-28 13:44:34-07:00,75,32
c87d001894e185608d8d9b7541c91e1c2e3b60be,Piyush Jain,2023-04-28 13:09:30-07:00,26,8
fa93e416fae0c53ccccbeedaa8a7d74fd9c22dcf,Piyush Jain,2023-04-27 20:52:35-07:00,29,36
e2df520b598b86590d33c9647c39392d9d89afe3,Jason Weill,2023-04-27 17:08:55-07:00,5,2
a40769126ce600c5059ec57c785b0b198dec87a4,Jason Weill,2023-04-25 14:10:50-07:00,2,4
126f35e94803e52ad815597ebb92b943be28fb63,Jason Weill,2023-04-24 17:14:06-07:00,430,4
90849d1be619b3bf3e86dc34d51c1bdca076270b,david qiu,2023-04-24 15:28:34-07:00,31,13
47fb46329f5469c335e4934f157cb7e82f5e8c3d,Jason Weill,2023-04-24 13:04:42-07:00,1,5
fddd330313f955421c0defb140bd56b8d1dff7c0,Jason Weill,2023-04-24 09:22:02-07:00,110,0
e1cf581157881513a0fa389f24c3e943b748610e,Jason Weill,2023-04-21 16:27:49-07:00,9,0
a86096c6b480ecf32f79580bb828101ea7bbf7b3,Jason Weill,2023-04-20 14:51:28-07:00,0,1
1cf9aaf1e9a01991caab9c2a92bc2834f7351266,dlqqq,2023-04-20 16:34:10+00:00,57,7
629909aa1b3a956015b0a2b8a0501cd5ec1f0b52,Brian E. Granger,2023-04-20 08:46:13-07:00,1563,1
e6a78ad447c9f8ea744ac7ca92aedc7492f74076,Brian E. Granger,2023-04-19 21:33:10-07:00,354,205
439336783071ed5ceef33f852b271ad1b2ef8f6e,Piyush Jain,2023-04-18 11:39:45-07:00,58,2
77a62566e34ae06f529d33bfd18c0347fde89c81,Piyush Jain,2023-04-18 11:32:49-07:00,63,32
e70fd6a1b857204f79eed19cff70308025ec7846,Brian E. Granger,2023-04-17 10:13:46-07:00,2,2
763e1328c62c7227693475d37ded0cf9d1532f40,Brian E. Granger,2023-04-17 09:30:23-07:00,2,3
b119b3d1bea2a34c664d116a9d6309d747cf3883,Brian E. Granger,2023-04-17 09:24:34-07:00,2,1
798a9c78a436f7ee4c1826fb3d0d62d52a43ae09,Brian E. Granger,2023-04-17 09:05:33-07:00,1,1
2b945faf6efcd2f302ec2ed65053b7cc3dbbf51a,Brian E. Granger,2023-04-17 09:05:08-07:00,102,2
b6d753b6d985040b8c5478bb27a6945544a0f1bd,Brian E. Granger,2023-04-17 08:35:20-07:00,9,10
4e939a62aa6284fe05742c910fa6fd5e4530d9e8,Piyush Jain,2023-04-17 08:26:54-07:00,239,233
b6d8216f3dcec255ed56bbf752acfa351e02bc90,Brian E. Granger,2023-04-16 21:24:55-07:00,39,18
c09cd4311fb44a332189ae4ebfcef1c5aa2bc0bf,Brian E. Granger,2023-04-16 19:08:04-07:00,1,4
5c87e33199672a27a046abbe7c9e3a1677691d0e,Brian E. Granger,2023-04-16 15:57:43-07:00,3,482
7e1d36a18cc21a1ac2d580e088fe28031ea32226,Jason Weill,2023-04-16 10:56:43-07:00,35,3
ca17ea2ba28d02cd5cdb9ac52ab2f2a41f2a1b0f,Jason Weill,2023-04-16 10:15:46-07:00,1,1867
d2e63ab5096b494051a4aa06738cd170b3d50ead,Brian E. Granger,2023-04-16 10:05:43-07:00,75,29
6bacece96054a6e7593f38429957c6cc132d3956,Brian E. Granger,2023-04-15 17:45:04-07:00,2,2
60adabc53d134826a6f8ef6a28ff7b12afe79ccd,Brian E. Granger,2023-04-15 17:40:57-07:00,11,10
3feb28736ba67f1d6b5e129cf5d01257ab941159,Brian E. Granger,2023-04-15 17:26:39-07:00,22,26
c14c36afee2909072723ec65d6b4ce8089b981b3,Brian E. Granger,2023-04-15 17:07:24-07:00,0,218
18cc1358f64f8a43ed8b5e993c1c287c3b4b280e,Brian E. Granger,2023-04-15 17:05:54-07:00,21,9
8363a036a851ffe948f5c4cd7c720d09a755b732,Brian E. Granger,2023-04-15 15:41:44-07:00,218,0
03d994828867845c7fd2bbe969f064bd3bbf480c,Brian E. Granger,2023-04-15 15:08:08-07:00,3,3
4dfd638320a9e5c3584b86c871673e40f841be43,Brian E. Granger,2023-04-15 14:59:56-07:00,0,55
7055ad0b2c33c35bdb52aa9d92af86066c86c3cf,Brian E. Granger,2023-04-15 14:58:32-07:00,44,34
8a04b4b4e71e9f3f9b5eb171018ab0569551d46c,Brian E. Granger,2023-04-15 14:58:24-07:00,2,2
aae26c31728cdc6d86ca9ed724f632a706bc2ba5,Brian E. Granger,2023-04-15 14:53:50-07:00,12,6
92df002dbe1460d0c0c9a6bc76812eb052ffbf27,Brian E. Granger,2023-04-15 14:29:34-07:00,41,5
d2ff1089989cfd4cacc716607ccc226a21360e41,Piyush Jain,2023-04-15 15:20:09-07:00,1,1
32cea4e2de7f4e51cdde0eba4e630986a88cf8f6,Piyush Jain,2023-04-15 15:04:03-07:00,6,8
ede5be59a89223578255f59e1cd297350fb9799e,Piyush Jain,2023-04-15 14:59:16-07:00,70,47
99878a95069513f6208d313b2884c18e1371ac20,Piyush Jain,2023-04-15 00:31:21-07:00,143,18
db625eb6bdf86f8a5943a211d024889873312a76,Piyush Jain,2023-04-14 15:46:32-07:00,48,20
8024e76ac21a0b074bacf9e2b70597325b57641c,Piyush Jain,2023-04-14 13:31:10-07:00,106,47
84d3ffe9e2363e81c9ba3f6ba9408bab0b6447dc,Jason Weill,2023-04-14 09:17:18-07:00,76,53
126d841f3e90ea2de094c6e86c89d7a4cde7b484,david qiu,2023-04-14 07:52:03-07:00,956,209
c8554b56b675b2219622cbf57c313f2cfdc6bc2f,Jason Weill,2023-04-13 10:18:52-07:00,3,1
136e154005dc03c60c577b90b802f0d10585055a,david qiu,2023-04-13 09:50:16-07:00,352,239
66607ea59041a6b36a8d740e10fe2c37a83ad2d2,Jason Weill,2023-04-13 09:22:59-07:00,16,43
82dc651e9f885046090b5e1e33d21f671cd3fdd8,Jason Weill,2023-04-12 15:37:32-07:00,161,1
b82819911fe9c0646085c1251ea7dddadc304fc6,david qiu,2023-04-11 19:03:53-07:00,155,31
83efdebd43a63839e1ad1943ffeea762e25be5b9,Jason Weill,2023-04-11 18:41:26-07:00,277,6
76e36e867a478e9442ea26f4a3160b61a0d4cb2e,Jason Weill,2023-04-11 17:37:00-07:00,16,3
2f4baebf5af2a53191042d9b4c61189e29f63d21,Piyush Jain,2023-04-11 09:18:59-07:00,2,2
064e4f4ddd1f672f151588cc25da3f4b21886cde,dlqqq,2023-04-11 01:07:28+00:00,36,10
9ff812b8231d7d41f3431a1a82acb56e2babca49,david qiu,2023-04-10 17:35:49-07:00,7,13
578b9ca721b408ba1cc50489daf70cee49fd9cc3,david qiu,2023-04-10 17:28:49-07:00,1631,732
f4e7cac4f6d8439ffe22362891d21d3f29aa1ec6,david qiu,2023-04-07 22:33:16-07:00,1506,57
bae173472fdc864a77e54e8fd3bcbd0136a20964,Piyush Jain,2023-04-07 19:33:52-07:00,406,25
b06526b70e4245b5c5bda54306a8f9f2d67b9a02,Jason Weill,2023-04-06 11:56:12-07:00,1,1
e7882c9bfc36ba8012717727485baa461c73182c,Jason Weill,2023-04-06 11:43:38-07:00,10,0
514dbf39d96902f3b6c4803170b904d1b86007b7,dlqqq,2023-04-06 04:56:15+00:00,41,9
cf5abf866fe1fdb71f9a646077746a41e7ab1b91,david qiu,2023-04-05 21:14:39-07:00,45,27
0031a9a1b625e5ccf622fe16aed4c96c04f32f78,david qiu,2023-04-05 16:43:59-07:00,16,6
d6dff2a2fe2e250b5d31e60c7f0185d55897eea3,Jason Weill,2023-04-05 16:42:36-07:00,125,57
0ecd7f2d264688db7b0f0d646d00f87157147965,david qiu,2023-04-05 15:16:31-07:00,617,6
cc6d6d0cc1cc8775502091b43af735c2bcf2f143,Jason Weill,2023-04-04 13:50:01-07:00,3,2
b9e495f66b96e383bc3ea8623dd83299a19c8399,david qiu,2023-04-04 10:04:38-07:00,277,129
994fe453b043fc69a06af0743411abd0d46d5534,Jason Weill,2023-04-04 08:52:11-07:00,3,2
1b25bf5fd32836ec736574985f94bf952fb72b8a,Jason Weill,2023-04-04 08:10:43-07:00,368,0
b72a5d102d97046a1b69be955ac39dc4b8c3c48a,dlqqq,2023-03-21 16:35:25+00:00,25,9
10c0e3257c9abfc67a89860f7b70d63020d0e361,david qiu,2023-03-21 09:04:23-07:00,234,1
944091f4fcb3121452f07d43b987c2e630b3ec7f,david qiu,2023-03-15 13:20:54-07:00,86,0
6c0d59a871080f6b5250b9dcff0336f2c088b2d3,david qiu,2023-03-15 10:05:03-07:00,222,188
fed06cea453ed78f0d4d185fe1db79dc3574508e,dlqqq,2023-03-07 18:04:11+00:00,30,11
d3be35480f4ca8370cd6bd8b5231af53493cb139,david qiu,2023-03-07 09:46:25-08:00,980,50
c32280d3c68c668c58112942fcb2e2dae2d1702c,david qiu,2023-03-06 16:31:34-08:00,1624,100
5d80c0fc4ad7018b8ec4f4abb246f8b4043ab545,david qiu,2023-03-06 09:38:36-08:00,5,2
60a379052582bbb7ec19288fe1e8325dfec9592c,dlqqq,2023-03-05 20:32:54+00:00,22,7
e4824ad3f5bfd0fec7701f8c7917cd3305c23269,david qiu,2023-03-05 12:11:38-08:00,1,1
5351f1bae1095a1f8d5c65b9460540e62d5bf2b2,david qiu,2023-03-05 12:11:15-08:00,17,1
809926342b74e73036d01e2f3d18f82a16499b76,dlqqq,2023-03-04 17:25:42+00:00,31,9
285682d615bd0dfc5d2598490da3b5943a3c67d7,david qiu,2023-03-04 08:37:55-08:00,4,0
f6e03e9bff60486413d99dd90d9ff13080b50d15,david qiu,2023-03-03 17:11:58-08:00,8,8
3415960021e83c3d3ab72111c4276d8887986488,david qiu,2023-03-03 17:08:05-08:00,2,2
a2531af9fe9923634592c22699110cc8666133ab,david qiu,2023-03-03 16:59:32-08:00,1,0
cc8dbe91dbb20f6a778592b337ac6fc6066c9eb0,david qiu,2023-03-03 14:40:02-08:00,178,511
dfbbf1d66f540e1902d3827f753677b53afbfb81,david qiu,2023-02-21 14:40:44-08:00,111,37
c9c2430983e6b2c1f9e3eb4a5a4d161cffdcb02c,Piyush Jain,2023-02-13 21:45:54-08:00,11229,19770
b31e553d767fb6c51a12dfcd6c5a25f881f3847b,Piyush Jain,2023-02-13 10:06:41-08:00,11001,11001
5b57f1b2f17c3ab74e1c1fe0dbf4e0a6e088d713,Piyush Jain,2023-02-09 19:06:48-08:00,3,3
907dfaceedf185d52908ab3826162d3be80e09d1,Piyush Jain,2023-02-09 18:50:01-08:00,11001,0
c3dfdf7680c94c47e4db9594a28cb3d037ebe634,Piyush Jain,2023-02-09 18:19:51-08:00,3,3
1584ec6e3c53e61bc6cba0aafd33ecec95ebc2a3,Piyush Jain,2023-02-09 18:11:38-08:00,4,0
edf74f8acc169740572d9bc06089333c010a3050,Piyush Jain,2023-02-09 18:07:51-08:00,5,5
e75c214c53e650761d9aae9495b9a6d80853f74d,Piyush Jain,2023-02-09 17:51:41-08:00,492,492
0d4009ab7cb344f9e7c86b0d77e9f84ccde22382,Piyush Jain,2023-02-09 17:31:19-08:00,12851,0
