,date,contributors,total_changes
0,2012-01-31 00:00:00+00:00,2,31588.0
1,2012-02-29 00:00:00+00:00,4,6741.0
2,2012-03-31 00:00:00+00:00,4,3126.0
3,2012-04-30 00:00:00+00:00,4,219.0
4,2012-05-31 00:00:00+00:00,2,315.0
5,2012-06-30 00:00:00+00:00,1,173.0
6,2012-07-31 00:00:00+00:00,3,84.0
7,2012-08-31 00:00:00+00:00,3,2621.0
8,2012-09-30 00:00:00+00:00,5,1513.0
9,2012-10-31 00:00:00+00:00,4,78.0
10,2012-11-30 00:00:00+00:00,2,6.0
11,2012-12-31 00:00:00+00:00,5,189.0
12,2013-01-31 00:00:00+00:00,3,98.0
13,2013-02-28 00:00:00+00:00,3,280.0
14,2013-03-31 00:00:00+00:00,3,40.0
15,2013-04-30 00:00:00+00:00,2,1220.0
16,2013-05-31 00:00:00+00:00,1,809.0
17,2013-06-30 00:00:00+00:00,3,767.0
18,2013-07-31 00:00:00+00:00,2,900.0
19,2013-08-31 00:00:00+00:00,2,450.0
20,2013-09-30 00:00:00+00:00,3,9.0
21,2013-10-31 00:00:00+00:00,5,2596.0
22,2013-11-30 00:00:00+00:00,2,3716.0
23,2013-12-31 00:00:00+00:00,1,4.0
24,2014-01-31 00:00:00+00:00,1,21.0
25,2014-02-28 00:00:00+00:00,3,8939.0
26,2014-03-31 00:00:00+00:00,4,1173.0
27,2014-04-30 00:00:00+00:00,6,34959.0
28,2014-05-31 00:00:00+00:00,3,9.0
29,2014-06-30 00:00:00+00:00,5,801.0
30,2014-07-31 00:00:00+00:00,3,85.0
31,2014-08-31 00:00:00+00:00,2,30.0
32,2014-09-30 00:00:00+00:00,3,238.0
33,2014-10-31 00:00:00+00:00,6,829.0
34,2014-11-30 00:00:00+00:00,5,1252.0
35,2014-12-31 00:00:00+00:00,3,1072.0
36,2015-01-31 00:00:00+00:00,6,4115.0
37,2015-02-28 00:00:00+00:00,4,464.0
38,2015-03-31 00:00:00+00:00,4,6336.0
39,2015-04-30 00:00:00+00:00,8,2000.0
40,2015-05-31 00:00:00+00:00,10,3360.0
41,2015-06-30 00:00:00+00:00,9,55832.0
42,2015-07-31 00:00:00+00:00,15,5442.0
43,2015-08-31 00:00:00+00:00,8,4395.0
44,2015-09-30 00:00:00+00:00,7,5273.0
45,2015-10-31 00:00:00+00:00,10,164922.0
46,2015-11-30 00:00:00+00:00,11,11771.0
47,2015-12-31 00:00:00+00:00,13,18462.0
48,2016-01-31 00:00:00+00:00,13,25063.0
49,2016-02-29 00:00:00+00:00,22,19855.0
50,2016-03-31 00:00:00+00:00,23,9446.0
51,2016-04-30 00:00:00+00:00,18,2418.0
52,2016-05-31 00:00:00+00:00,13,28157.0
53,2016-06-30 00:00:00+00:00,14,20125.0
54,2016-07-31 00:00:00+00:00,12,57207.0
55,2016-08-31 00:00:00+00:00,13,47069.0
56,2016-09-30 00:00:00+00:00,16,238591.0
57,2016-10-31 00:00:00+00:00,18,49860.0
58,2016-11-30 00:00:00+00:00,48,69461.0
59,2016-12-31 00:00:00+00:00,52,200442.0
60,2017-01-31 00:00:00+00:00,72,128484.0
61,2017-02-28 00:00:00+00:00,98,8958978.0
62,2017-03-31 00:00:00+00:00,123,65044.0
63,2017-04-30 00:00:00+00:00,113,72942.0
64,2017-05-31 00:00:00+00:00,111,17865277.0
65,2017-06-30 00:00:00+00:00,112,64296.0
66,2017-07-31 00:00:00+00:00,104,51011.0
67,2017-08-31 00:00:00+00:00,125,134230.0
68,2017-09-30 00:00:00+00:00,109,110864.0
69,2017-10-31 00:00:00+00:00,115,61868.0
70,2017-11-30 00:00:00+00:00,111,72373.0
71,2017-12-31 00:00:00+00:00,79,59478.0
72,2018-01-31 00:00:00+00:00,108,66014.0
73,2018-02-28 00:00:00+00:00,105,111058.0
74,2018-03-31 00:00:00+00:00,125,106970.0
75,2018-04-30 00:00:00+00:00,102,132108.0
76,2018-05-31 00:00:00+00:00,100,91176.0
77,2018-06-30 00:00:00+00:00,99,115127.0
78,2018-07-31 00:00:00+00:00,135,126080.0
79,2018-08-31 00:00:00+00:00,145,136573.0
80,2018-09-30 00:00:00+00:00,125,136643.0
81,2018-10-31 00:00:00+00:00,157,158994.0
82,2018-11-30 00:00:00+00:00,140,144695.0
83,2018-12-31 00:00:00+00:00,138,143465.0
84,2019-01-31 00:00:00+00:00,137,144825.0
85,2019-02-28 00:00:00+00:00,140,74809.0
86,2019-03-31 00:00:00+00:00,150,83540.0
87,2019-04-30 00:00:00+00:00,146,96010.0
88,2019-05-31 00:00:00+00:00,162,105077.0
89,2019-06-30 00:00:00+00:00,160,151626.0
90,2019-07-31 00:00:00+00:00,143,99188.0
91,2019-08-31 00:00:00+00:00,155,121575.0
92,2019-09-30 00:00:00+00:00,144,232250.0
93,2019-10-31 00:00:00+00:00,175,153826.0
94,2019-11-30 00:00:00+00:00,153,102216.0
95,2019-12-31 00:00:00+00:00,114,57341.0
96,2020-01-31 00:00:00+00:00,147,59110.0
97,2020-02-29 00:00:00+00:00,179,77270.0
98,2020-03-31 00:00:00+00:00,180,201047.0
99,2020-04-30 00:00:00+00:00,204,200673.0
100,2020-05-31 00:00:00+00:00,171,159874.0
101,2020-06-30 00:00:00+00:00,181,134805.0
102,2020-07-31 00:00:00+00:00,213,88960.0
103,2020-08-31 00:00:00+00:00,188,180146.0
104,2020-09-30 00:00:00+00:00,215,153064.0
105,2020-10-31 00:00:00+00:00,195,111027.0
106,2020-11-30 00:00:00+00:00,183,131249.0
107,2020-12-31 00:00:00+00:00,204,101882.0
108,2021-01-31 00:00:00+00:00,187,10397232.0
109,2021-02-28 00:00:00+00:00,184,152416.0
110,2021-03-31 00:00:00+00:00,214,141326.0
111,2021-04-30 00:00:00+00:00,228,121599277.0
112,2021-05-31 00:00:00+00:00,205,357738.0
113,2021-06-30 00:00:00+00:00,207,142037.0
114,2021-07-31 00:00:00+00:00,194,120710.0
115,2021-08-31 00:00:00+00:00,209,309229.0
116,2021-09-30 00:00:00+00:00,197,346979.0
117,2021-10-31 00:00:00+00:00,192,226845.0
118,2021-11-30 00:00:00+00:00,191,161186.0
119,2021-12-31 00:00:00+00:00,181,391578.0
120,2022-01-31 00:00:00+00:00,176,385813.0
121,2022-02-28 00:00:00+00:00,196,266547.0
122,2022-03-31 00:00:00+00:00,208,297437.0
123,2022-04-30 00:00:00+00:00,227,303610.0
124,2022-05-31 00:00:00+00:00,215,413582.0
125,2022-06-30 00:00:00+00:00,240,311312.0
126,2022-07-31 00:00:00+00:00,226,400285.0
127,2022-08-31 00:00:00+00:00,229,288616.0
128,2022-09-30 00:00:00+00:00,218,165647.0
129,2022-10-31 00:00:00+00:00,221,282340.0
130,2022-11-30 00:00:00+00:00,214,244338.0
131,2022-12-31 00:00:00+00:00,191,140369.0
132,2023-01-31 00:00:00+00:00,201,180772.0
133,2023-02-28 00:00:00+00:00,210,617744.0
134,2023-03-31 00:00:00+00:00,245,190104.0
135,2023-04-30 00:00:00+00:00,227,193957.0
136,2023-05-31 00:00:00+00:00,242,162036.0
137,2023-06-30 00:00:00+00:00,242,214053.0
138,2023-07-31 00:00:00+00:00,211,172391.0
139,2023-08-31 00:00:00+00:00,265,262669.0
140,2023-09-30 00:00:00+00:00,230,27954208.0
141,2023-10-31 00:00:00+00:00,238,160196.0
142,2023-11-30 00:00:00+00:00,255,324489.0
143,2023-12-31 00:00:00+00:00,211,186095.0
144,2024-01-31 00:00:00+00:00,228,136989.0
145,2024-02-29 00:00:00+00:00,230,152290.0
146,2024-03-31 00:00:00+00:00,254,55530130.0
147,2024-04-30 00:00:00+00:00,265,293855.0
148,2024-05-31 00:00:00+00:00,261,958918.0
149,2024-06-30 00:00:00+00:00,257,37017548.0
150,2024-07-31 00:00:00+00:00,256,245467.0
151,2024-08-31 00:00:00+00:00,292,27611959057.0
152,2024-09-30 00:00:00+00:00,249,176607.0
153,2024-10-31 00:00:00+00:00,254,211538.0
154,2024-11-30 00:00:00+00:00,264,1.8000988625003866e+19
155,2024-12-31 00:00:00+00:00,231,681824.0
156,2025-01-31 00:00:00+00:00,257,406738.0
157,2025-02-28 00:00:00+00:00,241,1135065.0
158,2025-03-31 00:00:00+00:00,282,179941.0
159,2025-04-30 00:00:00+00:00,282,137061.0
160,2025-05-31 00:00:00+00:00,266,219897.0
161,2025-06-30 00:00:00+00:00,292,248562.0
162,2025-07-31 00:00:00+00:00,268,2114388.0
163,2025-08-31 00:00:00+00:00,273,246251.0
164,2025-09-30 00:00:00+00:00,298,200531.0
165,2025-10-31 00:00:00+00:00,279,242028.0
166,2025-11-30 00:00:00+00:00,259,172494.0
167,2025-12-31 00:00:00+00:00,294,24406581.0
168,2026-01-31 00:00:00+00:00,252,194364.0
